{
  "hooks": {
    "before:bump": [
      "./release/check-for-breaking-changes.sh ${latestVersion} ${version}",
      "npm update swagger-client --legacy-peer-deps",
      "npm update swagger-ui --legacy-peer-deps",
      "npm run lint-errors",
      "npm run test:unit-mocha",
      "npm run test:unit-jest"
    ],
    "after:bump": [
      "npm run build",
      "npm run cy:ci"
    ],
    "after:release": "export GIT_TAG=v${version} && echo GIT_TAG=v${version} > release/.version"
  },
  "git": {
    "requireUpstream": false,
    "changelog": "./release/get-changelog.sh",
    "commitMessage": "chore(release): cut the v${version} release",
    "tagName": "v${version}",
    "push": false
  },
  "github": {
    "release": true,
    "releaseName": "Swagger Editor v${version} Released!",
    "draft": true
  },
  "plugins": {
    "@release-it/conventional-changelog": {
      "preset": "angular"
    }
  }
}
